{
    "PMC-01": 0.025,
    "PMC-02": 0.025,
    "PMC-03": 0.025,
    "PMC-04": 0.025,
    "PMC-05": 0.025,
    "DCR-01": 0.0625,
    "DCR-02": 0.0625,
    "CC-01": 0.041625,
    "CC-02": 0.041625,
    "CC-03": 0.041625,
    "CM-01": 0.025,
    "CM-02": 0.025,
    "CM-03": 0.025,
    "CM-04": 0.025,
    "CM-05": 0.025,
    "RD-01": 0.0625,
    "RD-02": 0.0625,
    "QSM-01": 0.041625,
    "QSM-02": 0.041625,
    "QSM-03": 0.041625,
    "SC-01": 0.02075,
    "SC-02": 0.02075,
    "SC-03": 0.02075,
    "SC-04": 0.02075,
    "SC-05": 0.02075,
    "SC-06": 0.02075,
    "SUP-01": 0.041625,
    "SUP-02": 0.041625,
    "SUP-03": 0.041625
    
}